antecedent(s),consequent(s),antecedent frequency,antecedent support,consequent support,confidence,rule support,lift,confidence difference,confidence ratio,size antec.set,size conseq.set,rule ID
Market Segmentation,Intro to CHAID,52,0.1489971346704871,0.23782234957020057,0.5,0.07449856733524356,2.102409638554217,0.26217765042979946,0.5243553008595989,1,1,4
Market Segmentation,Building Predictive Models,52,0.1489971346704871,0.30659025787965616,0.5769230769230769,0.08595988538681948,1.8817397555715312,0.2703328190434207,0.4685768863419293,1,1,2
Time Series,Building Predictive Models,51,0.14613180515759314,0.30659025787965616,0.5490196078431373,0.08022922636103152,1.7907275059556536,0.24242934996348114,0.4415677445763406,1,1,3
Classification and Clustering,Building Predictive Models,45,0.1318051575931232,0.30659025787965616,0.5434782608695652,0.07163323782234957,1.7726533929297033,0.23688800298990903,0.43587392550143267,1,1,1
Tables,Intermediate Techniques,43,0.12320916905444126,0.3438395415472779,0.6046511627906976,0.07449856733524356,1.7585271317829458,0.2608116212434197,0.43134229667180957,1,1,5
Intro to Statistics,Intro to Statistic platform,105,0.3008595988538682,0.40974212034383956,0.6285714285714286,0.18911174785100288,1.534065934065934,0.218829308227589,0.3481375358166189,1,1,6
